ts	phase	decision	why	evidence	result
2026-10-07T00:00:00Z	frame	Implement the approved IXO-only workspace journey in isolated runtime and Portal branches	Protect existing working changes and keep code reviewable	77012a8ef4ba6f2c5b7403635a1e6d232510cc69, d18df5a2d8	open
2026-10-06T16:17:11Z	frame	Correct the initial placeholder timestamp; source framing occurred at 2026-10-06T16:14Z	The first row used a placeholder date rather than the tool clock	clock__curr_time 2026-10-06 16:14:41 UTC	supersedes first row timestamp
2026-10-06T16:17:11Z	design	Use an immutable bounded research profile within the existing scheduler	The alternative full-agent hooks require broader private-context auditing; the bounded profile preserves supplied-context guarantees	packages/oracle-runtime-workers/src/core/execution-profile.ts, packages/oracle-runtime-workers/src/tasks/scheduler.ts	selected; contracts under implementation
2026-10-06T16:17:11Z	foundation	Stack Portal on the existing recoverable drafting pilot	PR1850 is open; copying its logic onto develop would create duplicate delivery implementations	https://github.com/ixoworld/ixo-portal/pull/1850	dependency retained
2026-10-06T16:17:11Z	acceptance	Keep live service acceptance gated while completing code and local verification	No UCAN, Matrix, sandbox, VFS or provider credentials are configured in this execution environment	packages/oracle-runtime-workers/test/wrangler.test.jsonc	live service acceptance unavailable
2026-10-06T16:22:45Z	baseline	Verify the existing supplied-evidence foundation before changes	Separate inherited behavior from the new control-plane implementation	/private/tmp/qiforge-shared-workspaces-baseline-workerd.log	105 workerd tests passed; 54 focused Node tests passed
2026-10-06T16:22:45Z	baseline	Record one inherited lint error in Node bootstrap	Required root lint currently fails before integration and needs a mechanical assertion removal	/private/tmp/qiforge-shared-workspaces-baseline-lint.log	Workers lint passed; root lint failed
2026-10-06T16:40:00.153607+00:00	unit1	Integrate and verify the first runtime hardening commit	Review in an independent checkout before activation	dca7032b; /private/tmp/qiforge-shared-workspaces-unit1-workerd.log	74 Node and 109 workerd tests passed; independent review requires corrections
2026-10-06T16:40:00.153730+00:00	review	Require host approval receipts and durable approval-delivery deadlines	Independent review found model self-approval and a reset-before-send recovery hole	/private/tmp/qiforge-shared-review-20261007/packages/oracle-runtime-workers/src/tasks/scheduler.ts:1178	corrections under implementation
2026-10-06T16:40:00.153733+00:00	dependency	Use the merged browser digest fix from current Topic Protocol main	The npm rc4 bundle still imports Node crypto; current source already fixes the browser boundary	https://github.com/ixoworld/topic-protocol/commit/4e5a87ef7c70a537d776a46ac09c840bac18f806	Portal exact Git dependency install and compatibility checks passed
2026-10-06T16:40:00.153734+00:00	ui	Inspect actual Portal workspace components on desktop and 360px phone view	Check rendered controls and version-verification gate before review	http://127.0.0.1:4187; /private/tmp/portal-workspace-preview/desktop.png	local simulated service boundaries; file verification enabled review; no horizontal overflow
2026-10-06T17:01:00Z	review	Require the research revision after Topic start and reset file verification on wallet changes	Strict current authority must survive Topic transitions and account changes	0118bbbc97; /Users/shaunconway/.codex/sessions/2026/10/06/rollout-2026-10-06T22-20-48-01a11196-a659-7dc2-a6a4-69c9f736d387.jsonl	Portal corrections under implementation
2026-10-06T17:01:00Z	unit1	Accept repaired owner approval and task eligibility after independent source review	The run ledger now rejects stale inputs, newly required approval and future reschedules	3d360a8329409e6ce1680e7481b22d84d276d534; /private/tmp/qiforge-shared-final-approval-workerd.log	independent source review approved; 68 scheduler workerd tests passed
2026-10-06T17:01:00Z	verification	Build the existing transaction dependency before repeating Workers type checking	Missing workspace declaration files caused the first root type check to stop	/private/tmp/qiforge-shared-unit1-typecheck.log	dependency build in progress; no source correction claimed
2026-10-06T17:00:33.086386+00:00	audit	Correct the provisional 17:01 timestamps in the prior three checkpoint rows	The tool clock records the checkpoints before 17:01; the actions and results still stand	/Users/shaunconway/.codex/sessions/2026/10/06/rollout-2026-10-06T22-20-48-01a11196-a659-7dc2-a6a4-69c9f736d387.jsonl	supersedes timestamps only; transaction dependency build succeeded
2026-10-06T17:20:28.987462+00:00	unit1	Publish the reviewed Workers foundation as PR 340	Make the approved changes concrete while keeping live activation gated	https://github.com/ixoworld/qiforge/pull/340; .audit/evidence/foundation-checks.txt	Owner approval, reconciliation and selected credentials implemented; local checks passed
2026-10-06T17:20:28.987467+00:00	portal	Publish the protocol pin and reviewed Portal workspace as stacked PRs	Keep the existing Topic pilot and its canonical review authority	https://github.com/ixoworld/ixo-portal/pull/1879; https://github.com/ixoworld/ixo-portal/pull/1880	Independent source review approved; root affected regression passed 176 tests
2026-10-06T17:20:28.987470+00:00	verification	Confirm Workers type checking after building its existing transaction dependency	The earlier failure was missing declarations, not a feature source mismatch	.audit/evidence/foundation-checks.txt	Workers type check passed
2026-10-06T17:20:28.987471+00:00	baseline	Supersede the suggestion that one assertion removal can fix inherited Node lint	Removing it exposes an existing SqliteSaver declaration mode type mismatch	https://linear.app/ixo-world/issue/ORA-738/align-sqlitesaver-declaration-modes-so-node-bootstrap-lint-and-build	Removal was restored; inherited root lint remains open
2026-10-06T17:20:28.987473+00:00	services	Check the new adapter routes against current IXO service source	Independent verification is required before accepting external API claims	ixoworld/ai-sandbox@bcec8a67dd0d9643e9c491f28d5f2a8f448ccf1e; ixoworld/ixo-virtual-filesystem@b3bc9c7353abb0a1649a32aea9d47c1facd4708d	VFS version content and sandbox envelopes match; upstream output scrub has a short-secret limitation
2026-10-06T17:33:46.298331+00:00	audit	Supersede incomplete foundation review pointers with the actual review verdicts	Each finding needs evidence for its own source boundary	.audit/evidence/review-verdicts.txt	Initial changes-required and final committed-source approvals retained; no live proof
2026-10-06T17:33:46.298482+00:00	audit	Supersede the initial desktop screenshot pointer with verified desktop and phone views	The initial image showed the pre-verification gate	.audit/evidence/desktop-verified.png; .audit/evidence/mobile-verified.png	File verification enabled review in a controlled preview; no live acceptance
2026-10-06T17:33:46.298484+00:00	acceptance	Supersede the config-file absence pointer with the actual activation requirements	A test config cannot establish that live credentials are absent	.audit/evidence/activation-gates.txt	Live acceptance blocked pending an authorized deployment, service configuration and two identities
2026-10-06T17:33:46.298486+00:00	audit	Retain both test lanes and explicit process exit evidence	Earlier workerd-only pointers did not prove the Node totals or type-check exit	.audit/evidence/foundation-command-records.txt	Original commands and available terminal output retained; Workers type check exited0
2026-10-06T17:33:46.298488+00:00	services	Supersede coarse repository pointers with exact adapter contract sources	Compatibility inspection must not be confused with service execution	.audit/evidence/service-contracts.txt	Source-compatible only; UCAN/Matrix/sandbox/VFS live acceptance not exercised
2026-10-06T17:33:46.298489+00:00	review	Require cancellation and fresh-authority fences around research target and VFS awaits	Independent review found cancellation and stale-authority races	packages/oracle-runtime-workers/src/work/research.ts; packages/oracle-runtime-workers/src/work/sandbox-target.ts; packages/oracle-runtime-workers/src/tasks/scheduler.ts	Repairs and controlled race tests under implementation
2026-10-06T17:33:46.298491+00:00	privacy	Scrub all selected credential values locally before receipt persistence	Upstream stdout scrub omits short values	.audit/evidence/service-contracts.txt	Code repair under implementation; conformance verification pending
2026-10-06T17:33:46.298492+00:00	recovery	Block ordinary Composio writes until a no-retry transport is verified	Internal SDK retries bypass the durable write claim	@composio/core0.10.0; packages/oracle-runtime-workers/src/plugins/composio	Fail-closed repair under implementation; known reads remain eligible
2026-10-06T17:42:00.243153+00:00	services	Verify the D1 lookup budget against official Cloudflare documentation	Workspace recovery must fit the actual storage query limit	.audit/evidence/service-contracts.txt	Official LIKE/GLOB pattern limit is 50 bytes; short workspace prefix keeps ordinary lookups unchanged
2026-10-06T17:56:48.870249+00:00	integration	Integrate the immutable contracts and research checkpoint	Keep execution in Workers and reuse IXO services	afcf7f019b79796b437198fad6af01518d264271; cd36abce0f66c62cdad7f5ea158e2659dc2910a3	Strict contracts, adapters, bounded research, signed routes and recovery implemented; inactive by default
2026-10-06T17:56:48.870459+00:00	verification	Confirm the integrated implementation independently	Validate shared declarations, auth, scheduler and provider boundaries after cherry-pick	.audit/evidence/research-checks.txt	Root core798, focused workerd144, common build, Workers typecheck/lint and format passed; owner full workerd1885/core798 passed
2026-10-06T17:56:48.870462+00:00	tests	Update the credential fixture to exercise explicitly selected execution	Discovery and default execution now forward no secrets; old fixture assumed ambient forwarding	packages/oracle-runtime-workers/src/secrets/secrets-service.test.ts; .audit/evidence/research-checks.txt	Value, rotation and one-read assertions preserved; both broad suites passed after correction
2026-10-06T17:56:48.870464+00:00	review	Correct the blanket private-delivery authorization claim	Accepted private-result retry is independent of later shared Topic publication	cd36abce0f66c62cdad7f5ea158e2659dc2910a3; .audit/evidence/research-review-verdict.txt	Final committed-source reviewer approved; all findings resolved; no live-service verdict
2026-10-06T17:56:48.870467+00:00	recovery	Supersede pending Composio hardening with the verified fail-closed behavior	Installed core0.10.0 does not expose a verified transport without internal retries	packages/oracle-runtime-workers/src/plugins/composio/composio-tools.ts; .changeset/authorized-topic-research.md	Only COMPOSIO_SEARCH_TOOLS and COMPOSIO_GET_TOOL_SCHEMAS remain usable; no activation escape
2026-10-06T17:56:48.870469+00:00	privacy	Supersede pending short-credential repair with verified local redaction	Selected raw credentials must not enter result persistence	packages/oracle-runtime-workers/src/work/sandbox-target.test.ts; .audit/evidence/research-checks.txt	All selected raw nonempty values scrubbed locally; transformed leaks and upstream raw logs remain outside this guarantee
2026-10-06T17:56:48.870470+00:00	baseline	Retain the repository lint gate instead of weakening unrelated Node typing	The unchanged Node bootstrap assertion still fails full lint	.audit/evidence/research-checks.txt; https://linear.app/ixo-world/issue/ORA-738/align-sqlitesaver-declaration-modes-so-node-bootstrap-lint-and-build	Workers lint passed; repository lint exited1 on unchanged line553; no unrelated production edit
2026-10-06T17:56:48.870471+00:00	acceptance	Keep operator activation and real two-person acceptance open	Local service transports and source compatibility do not prove live authority or confinement	.audit/evidence/activation-gates.txt; apps/qiforge-workers-example/TOPIC-RESEARCH.md	No authorized deployment/configuration/two identities supplied in this chat; trusted principal sandbox only; Node parity and broader wake/provider scope open
2026-10-06T18:07:11.352753+00:00	architecture	Retain the binding no-CopilotKit and no-Intelligence decision	The user requires existing IXO/QiForge services and frontend protocol	https://github.com/ixoworld/qiforge/pull/341; .audit/evidence/roadmap-scope.txt	No new CopilotKit dependency or configuration; existing action_call/action_call_result bridge retained
2026-10-06T18:07:11.352903+00:00	scope	Supersede the compressed roadmap summary with per-issue completion boundaries	A Workers one-shot reference slice is not completion of all ORA-546 through ORA-551 acceptance	.audit/evidence/roadmap-scope.txt; https://linear.app/ixo-world/project/qi-forge-0ffadb464768/activity#project-update-d85e46ac	All six issues stay In Progress; Node parity, reference skill, recurring intent, external wakes and provider parity remain open; phase5 follows accepted live journey
2026-10-06T18:07:11.352907+00:00	audit	Supersede evidence ordinal labels with exact JSONL record and payload-ordinal mapping	The copied values are one-based record numbers, not payload ordinals	.audit/evidence/transcript-locators.txt	Locator labels corrected append-only; original test and review evidence retained
2026-10-06T18:07:11.352909+00:00	publication	Publish the research implementation as stacked PR341	Make the committed and independently reviewed source available for human review	https://github.com/ixoworld/qiforge/pull/341	Open non-draft PR on hardening PR340; attached; no merge or deployment
2026-10-06T18:07:11.352910+00:00	documentation	Anchor public guides to pushed integrated commits and publish PR51	Original owner commit hashes were cherry-picked; public anchors need reachable history	https://github.com/ixoworld/docs/pull/51; 9aa94e7f28bba89f51641247c683c3d09eb0b2f2	Seven-file docs PR open and attached; exact substitutions/diff check pass; public QA/style/touched checks pass; inherited whole-site links open
2026-10-06T18:07:11.352912+00:00	tracking	Post concrete milestone evidence and open acceptance scope to Linear	Keep the project and ORA-546 through ORA-551 source of truth synchronized	https://linear.app/ixo-world/project/qi-forge-0ffadb464768/activity#project-update-d85e46ac	Qi Forge milestone atRisk; six issues In Progress with delivered/open scope; ORA715 records Composio containment, cron gap unchanged
2026-10-06T18:12:07.132259+00:00	audit	Supersede coarse publication pointers with the actual attach and Linear mutation results	PR pages and a project update do not prove every attachment or issue-state subclaim	.audit/evidence/publication-locators.txt	PR341/51 attachments, six issue comments and In Progress states, ORA715 containment and project status confirmed by exact selected MCP results; no tool argument payload copied
